ID,Informed Consent,How would you rate your experience in Robotics?,How would you rate your experience in Behavior Trees?,How does your work relates to Behavior Trees?,"In which type of organization have you worked with robotics, Behavior Trees, or autonomous systems?",What robotics domains have you worked with?,What is your main area of expertise or role?,How relevant are the following knowledge-related adaptation needs to robotic systems? [Knowledge-related needs],How relevant are the following perception- and actuation-related adaptation needs to robotic systems? [Perception- and actuation-related needs],How relevant are the following system-related adaptation needs to robotic systems? [system-related needs],How relevant are the following mission-related adaptation needs to robotic systems? [mission-related needs],How relevant are the following environment-related adaptation needs to robotic systems? [Environment-related needs],"Please briefly explain any concerns or comments regarding the adaptation needs listed above, particularly if you consider any of them important, unimportant, relevant, irrelevant, incomplete, or unclear. ","In your opinion, how should each family of adaptation needs primarily be addressed using BTs?

You can find the definitions of the adaptation needs on this page. [Knowledge-related needs]","In your opinion, how should each family of adaptation needs primarily be addressed using BTs?

You can find the definitions of the adaptation needs on this page. [Perception- and actuation-related needs]","In your opinion, how should each family of adaptation needs primarily be addressed using BTs?

You can find the definitions of the adaptation needs on this page. [System resource and architecture needs]","In your opinion, how should each family of adaptation needs primarily be addressed using BTs?

You can find the definitions of the adaptation needs on this page. [Mission- and goal-related needs]","In your opinion, how should each family of adaptation needs primarily be addressed using BTs?

You can find the definitions of the adaptation needs on this page. [Environment- and agent-related needs]","Please briefly explain your answer, if you wish.","How suitable is BT Generation for addressing each family of adaptation needs in robotic systems?

You can find the definitions of the adaptation needs on this page. [Knowledge-related needs]","How suitable is BT Generation for addressing each family of adaptation needs in robotic systems?

You can find the definitions of the adaptation needs on this page. [Perception- and actuation-related needs]","How suitable is BT Generation for addressing each family of adaptation needs in robotic systems?

You can find the definitions of the adaptation needs on this page. [System resource and architecture needs]","How suitable is BT Generation for addressing each family of adaptation needs in robotic systems?

You can find the definitions of the adaptation needs on this page. [Mission- and goal-related needs]","How suitable is BT Generation for addressing each family of adaptation needs in robotic systems?

You can find the definitions of the adaptation needs on this page. [Environment- and agent-related needs]",Please briefly explain any case where you consider BT Generation to be Not suitable or Partially suitable for addressing an adaptation need.  ,"How suitable is BT Extension for addressing each family of adaptation needs in robotic systems?

You can find the definitions of the adaptation needs on this page. [Knowledge-related needs]","How suitable is BT Extension for addressing each family of adaptation needs in robotic systems?

You can find the definitions of the adaptation needs on this page. [Perception- and actuation-related needs]","How suitable is BT Extension for addressing each family of adaptation needs in robotic systems?

You can find the definitions of the adaptation needs on this page. [System resource and architecture needs]","How suitable is BT Extension for addressing each family of adaptation needs in robotic systems?

You can find the definitions of the adaptation needs on this page. [Mission- and goal-related needs]","How suitable is BT Extension for addressing each family of adaptation needs in robotic systems?

You can find the definitions of the adaptation needs on this page. [Environment- and agent-related needs]",Please briefly explain any case where you consider BT Extension to be Not suitable or Partially suitable for addressing an adaptation need.  ,"How suitable is BT Evolution for addressing each family of adaptation needs in robotic systems?

You can find the definitions of the adaptation needs on this page. [Knowledge-related needs]","How suitable is BT Evolution for addressing each family of adaptation needs in robotic systems?

You can find the definitions of the adaptation needs on this page. [Perception- and actuation-related needs]","How suitable is BT Evolution for addressing each family of adaptation needs in robotic systems?

You can find the definitions of the adaptation needs on this page. [System resource and architecture needs]","How suitable is BT Evolution for addressing each family of adaptation needs in robotic systems?

You can find the definitions of the adaptation needs on this page. [Mission- and goal-related needs]","How suitable is BT Evolution for addressing each family of adaptation needs in robotic systems?

You can find the definitions of the adaptation needs on this page. [Environment- and agent-related needs]",Please briefly explain any case where you consider BT Evolution to be Not suitable or Partially suitable for addressing an adaptation need.  ,"How suitable is BT Refinement for addressing each family of adaptation needs in robotic systems?

You can find the definitions of the adaptation needs on this page. [Knowledge-related needs]","How suitable is BT Refinement for addressing each family of adaptation needs in robotic systems?

You can find the definitions of the adaptation needs on this page. [Perception- and actuation-related needs]","How suitable is BT Refinement for addressing each family of adaptation needs in robotic systems?

You can find the definitions of the adaptation needs on this page. [System resource and architecture needs]","How suitable is BT Refinement for addressing each family of adaptation needs in robotic systems?

You can find the definitions of the adaptation needs on this page. [Mission- and goal-related needs]","How suitable is BT Refinement for addressing each family of adaptation needs in robotic systems?

You can find the definitions of the adaptation needs on this page. [Environment- and agent-related needs]",Please briefly explain any case where you consider BT Refinement to be Not suitable or Partially suitable for addressing an adaptation need.  ,Are there any adaptation needs that you think are missing from this questionnaire?,"Are there any comments, qualifications, or concerns you would like to add about Behavior Tree adaptation in robotic systems?"
P1,"I have read the study information above., I understand that participation is voluntary., I understand that I may stop before submitting the questionnaire., I consent to participate in this study.",3,4,I have used Behavior Trees to implement robotic behavior.,Industry,Service robotics,"Software Engineer, System Integrator",Very relevant,Moderately relevant,Extremly  relevant,Extremely relevant,Very relevant,,Using classical BTs is enough,By both adapting BTs formalism and external modules,Using classical BTs is enough,Using classical BTs is enough,Mainly by extending the BT formalism,"At least from my frame of reference, BTs is hard to conform to the higher real-time requirements of Perception and Actuation adaptability needs found in industrial robots. ",Completely suitable,Not suitable,Partially suitable,Partially suitable,Completely suitable,Perception and Actuation adaptability needs requires more critical real-time determinism which BT Generation introduces uncertainty with.,Insufficient expertise,Partially suitable,Completely suitable,Completely suitable,Completely suitable,,Completely suitable,Partially suitable,Completely suitable,Partially suitable,Completely suitable,,Insufficient expertise,Partially suitable,Completely suitable,Partially suitable,Completely suitable,,,
P2,"I have read the study information above., I understand that participation is voluntary., I understand that I may stop before submitting the questionnaire., I consent to participate in this study.",1,1,I have used Behavior Trees to implement robotic behavior.,Academia,I have not worked in a specific robotics domain,PhD student,Very relevant,Extremely relevant,Extremly  relevant,Extremely relevant,Extremely relevant,,Mainly by extending the BT formalism,By both adapting BTs formalism and external modules,By both adapting BTs formalism and external modules,By both adapting BTs formalism and external modules,By both adapting BTs formalism and external modules,,Insufficient expertise,Completely suitable,Completely suitable,Completely suitable,Completely suitable,,Insufficient expertise,Completely suitable,Insufficient expertise,Completely suitable,Completely suitable,,Insufficient expertise,Insufficient expertise,Insufficient expertise,Insufficient expertise,Insufficient expertise,,Insufficient expertise,Completely suitable,Insufficient expertise,Completely suitable,Completely suitable,,,
P3,"I have read the study information above., I understand that participation is voluntary., I understand that I may stop before submitting the questionnaire., I consent to participate in this study.",5,3,I have used Behavior Trees to implement robotic behavior.,Industry,"Service robotics, Field robotics, Industrial automation",robotics architect,Very relevant,Extremely relevant,Slightly relevant,Moderately relevant,Extremely relevant,,Using classical BTs is enough,Mainly by adapting external modules/models,None of the above (explain),Mainly by extending the BT formalism,None of the above (explain),"Sorry, the question was not clear to me, I did my best answering",Not suitable,Not suitable,Not suitable,Partially suitable,Not suitable,In my experience I've not needed to generate BTs on the spot for any application I did. Even for the service robot (athome) we had a list of behaviors and a speach module mapping between them. All behaviors were pre-programmed and tested. I don't know why you would  need to generate them.,Insufficient expertise,Insufficient expertise,Insufficient expertise,Insufficient expertise,Insufficient expertise,"Sorry, I don't understand this question",Not suitable,Not suitable,Not suitable,Not suitable,Not suitable,I don't think you need this in any of the fields I worked in,Insufficient expertise,Insufficient expertise,Insufficient expertise,Insufficient expertise,Insufficient expertise,I don't understand what you mean by this,,
P4,"I have read the study information above., I understand that participation is voluntary., I understand that I may stop before submitting the questionnaire., I consent to participate in this study.",5,5,I have used Behavior Trees to implement robotic behavior.,"Academia, Industry, Open-source or community project, Independent / personal projects","Field robotics, Industrial automation",Robotics Software Engineer ,Moderately relevant,Very relevant,Extremly  relevant,Extremely relevant,Very relevant,,Mainly by adapting external modules/models,Mainly by adapting external modules/models,"Mainly by updating the BT, without changing the formalism","Mainly by updating the BT, without changing the formalism","Mainly by updating the BT, without changing the formalism",,Partially suitable,Partially suitable,Completely suitable,Completely suitable,Partially suitable,,Partially suitable,Partially suitable,Completely suitable,Completely suitable,Partially suitable,,Partially suitable,Partially suitable,Not suitable,Not suitable,Partially suitable,,Partially suitable,Partially suitable,Not suitable,Not suitable,Partially suitable,,,Runtime adaptable BTs allow to construct complex agents but with clear determinism. Perception information knowledge information should be handled not in the same layer as task imho. Achieving the task goal can be adapted based on this information.
P5,"I have read the study information above., I understand that participation is voluntary., I understand that I may stop before submitting the questionnaire., I consent to participate in this study.",3,2,"I have developed tools, methods, or algorithms that use Behavior Trees.","Academia, Industry",Industrial automation,PhD student,Very relevant,Very relevant,Extremly  relevant,Very relevant,Moderately relevant,"Environmental-related also depends very heavily on the application, e.g. indoor vs outdoor. ","Mainly by updating the BT, without changing the formalism",Mainly by adapting external modules/models,By both adapting BTs formalism and external modules,Mainly by extending the BT formalism,Mainly by adapting external modules/models,,Completely suitable,Partially suitable,Not suitable,Completely suitable,Partially suitable,"I think that in general generating a whole BT that is able to cope with all the adaptation needs, is very difficult and I think knowledge and mission related are the ones that are the easiest to integrate since they imho reflect in the best way the original intentions how BTs were built. Other adaptation needs may require a more broader understanding of the architectural dependencies in a robot",Completely suitable,Not suitable,Partially suitable,Partially suitable,Partially suitable,"ReBeT is probably a nice example for BT Extension for architectural self-adaptation in robotics. I feel like the extension of BTs with could solve some of the adaptation needs but at the same time probably creates the adaptation logic more inside of these control nodes and makes it less visible on the outside what happens in these nodes, especially if you want to consider a bit more information to derive whether there is a need for adaptation and what kind of adaptation is then being performed. At least that was my experience",Partially suitable,Insufficient expertise,Not suitable,Completely suitable,Completely suitable,I feel like this could solve some problems but I have never worked with BT Evolution tbh. I am guessing that mission and environment could be easier to achieve here but I am having my doubts if the complexity of a BT capturing all of these adaptation needs is easy to learn and optimize. Probably requires domain knowledge that needs to be embedded in this process,Completely suitable,Insufficient expertise,Partially suitable,Completely suitable,Partially suitable,"I am in general skeptical about system resource and architecture needs being managed by a BT. In refinement if the domain knowledge is already in there, this might work",,I moved a bit away from BT for adaptive behavior in robotics. I think they are in general quite suitable for mission/goal related adaptation and maybe single individual things from the others but I currently believe more in graph-based methods for modeling adaptive behavior in robotics since they capture more the influence between different components of the robotic system. I feel like that a BT as foundation for robotics with a managing system on top of that reasoning on graph-based methods to derive adaptation decisions is a bit more promising. But I am happy to discuss this in more detail
P6,"I have read the study information above., I understand that participation is voluntary., I understand that I may stop before submitting the questionnaire., I consent to participate in this study.",4,5,I have used Behavior Trees to implement robotic behavior.,"Industry, Research Institute",Industrial automation,robotics research; software developer; system integrator,Extermely relevant,Extremely relevant,Extremly  relevant,Extremely relevant,Extremely relevant,,Mainly by extending the BT formalism,By both adapting BTs formalism and external modules,"Mainly by updating the BT, without changing the formalism",Using classical BTs is enough,Mainly by extending the BT formalism,,Not suitable,Not suitable,Completely suitable,Completely suitable,Not suitable,Belief state generation should be handled by human expertise and designed appropriately,Completely suitable,Completely suitable,Not suitable,Not suitable,Completely suitable,for system resource and mission changes you dont need such BT formalism extension,Partially suitable,Partially suitable,Completely suitable,Completely suitable,Partially suitable,,Not suitable,Partially suitable,Completely suitable,Completely suitable,Partially suitable,,No,no
P7,"I have read the study information above., I understand that participation is voluntary., I understand that I may stop before submitting the questionnaire., I consent to participate in this study.",3,1,"I am familiar with Behavior Trees, but I have not used them directly.",Open-source or community project,Field robotics,"Software ,system integrator",Very relevant,Moderately relevant,Extremly  relevant,Extremely relevant,Slightly relevant,,Using classical BTs is enough,Mainly by extending the BT formalism,"Mainly by updating the BT, without changing the formalism",Mainly by adapting external modules/models,By both adapting BTs formalism and external modules,,Partially suitable,Partially suitable,Completely suitable,Completely suitable,Completely suitable,,Partially suitable,Partially suitable,Completely suitable,Completely suitable,Partially suitable,,Completely suitable,Completely suitable,Completely suitable,Completely suitable,Partially suitable,,Completely suitable,Completely suitable,Completely suitable,Completely suitable,Partially suitable,,,
P8,"I have read the study information above., I understand that participation is voluntary., I understand that I may stop before submitting the questionnaire., I consent to participate in this study.",5,5,I have studied or researched Behavior Trees as a formalism for robotic behavior.,"Academia, Open-source or community project","Space robotics, Healthcare robotics (e.g., prosthetics, surgery)",Professor and researcher in medical robotics. ,Extermely relevant,Very relevant,Moderately relevant,Slightly relevant,Slightly relevant,"""robotic systems"" is pretty vague.   e.g. one composition of robotic hardware and software might be applied to multiple domains.   What is the scope of a robotic system? ",By both adapting BTs formalism and external modules,Mainly by adapting external modules/models,"Mainly by updating the BT, without changing the formalism",Using classical BTs is enough,By both adapting BTs formalism and external modules,,Insufficient expertise,Insufficient expertise,Insufficient expertise,Insufficient expertise,Insufficient expertise,"I clicked ""Insufficient Expertise""",Partially suitable,Partially suitable,Partially suitable,Partially suitable,Partially suitable,,Insufficient expertise,Insufficient expertise,Insufficient expertise,Insufficient expertise,Insufficient expertise,same,Partially suitable,Partially suitable,Partially suitable,Partially suitable,Partially suitable,,,"BT adaptation is a good area to work on -- potentially enabled by AI (LLBT models?)   I had a lot of trouble predicting where the various flavors would map to the problems which are rather abstract.   The strength and weakness of BT's is their 1-bit return value.   Maybe they could be adapted with e.g. a float return value, or a pair {SUCCESS/FAIL, CONFIDENCE} from each node.   "
P9,"I have read the study information above., I understand that participation is voluntary., I understand that I may stop before submitting the questionnaire., I consent to participate in this study.",5,3,"I _had_ to work in projects where other people used behaviour trees, and that has always lead to ver,y, very poor integration ""performance"".",Academia,"Service robotics, Industrial automation",senior,Extermely relevant,Extremely relevant,Extremly  relevant,Extremely relevant,Extremely relevant,,None of the above (explain),None of the above (explain),None of the above (explain),None of the above (explain),None of the above (explain),"BT are a bad idea: violates the ""inversion of control"" principle too much, because it is too procedural.",Partially suitable,Partially suitable,Partially suitable,Partially suitable,Partially suitable,"Automatic generation is very relevant, but it is not so important whether that is to BTs, Petri Nets, State Machines, DAG control flows, or whatever reactive mechanism. What _is_ important is that round tripping to the real source of knowledge is possible and an inherent part of system adaptation.",Not suitable,Not suitable,Not suitable,Not suitable,Not suitable,"BT is a very low level reaction mechanism and it should stay that way. So extensions must be done on the knowledge level, not the mechanism level.",Partially suitable,Partially suitable,Partially suitable,Partially suitable,Partially suitable,The concept of BT Evolution is very badly defined.,Partially suitable,Partially suitable,Partially suitable,Partially suitable,Partially suitable,Same answer: badly defined concept. All depends on _how_ it is done.,"The needs are excellently covered. The focus on BT is useless, and two steps back in the advancement of the state of the art in robotics systems.",Don't touch BTs! I've been bitten every time when I had to use them in projects.
P10,"I have read the study information above., I understand that participation is voluntary., I understand that I may stop before submitting the questionnaire., I consent to participate in this study.",5,5,"All the first 3 options (used, developed tools/algorithm/studied and researched as formalism)","Academia, Industry, Research Institute, Open-source or community project, Independent / personal projects","Service robotics, Field robotics, Industrial automation, Construction",robotics architect,Extermely relevant,Very relevant,Extremly  relevant,Extremely relevant,Extremely relevant,,Mainly by adapting external modules/models,Mainly by adapting external modules/models,Mainly by adapting external modules/models,Mainly by adapting external modules/models,Mainly by adapting external modules/models,,Partially suitable,Not suitable,Partially suitable,Completely suitable,Completely suitable,,Partially suitable,Partially suitable,Partially suitable,Not suitable,Partially suitable,,Partially suitable,Not suitable,Not suitable,Partially suitable,Partially suitable,,Partially suitable,Not suitable,Not suitable,Partially suitable,Partially suitable,,,
P11,"I have read the study information above., I understand that participation is voluntary., I understand that I may stop before submitting the questionnaire., I consent to participate in this study.",5,4,I have used Behavior Trees to implement robotic behavior.,"Industry, Independent / personal projects","Field robotics, Industrial automation",Multi Robot System Architecture ,Slightly relevant,Extremely relevant,Extremly  relevant,Extremely relevant,Extremely relevant,,None of the above (explain),Mainly by adapting external modules/models,By both adapting BTs formalism and external modules,By both adapting BTs formalism and external modules,Mainly by extending the BT formalism,,Not suitable,Completely suitable,Completely suitable,Completely suitable,Completely suitable,,Partially suitable,Completely suitable,Completely suitable,Completely suitable,Completely suitable,this is just more programming,Completely suitable,Completely suitable,Completely suitable,Completely suitable,Completely suitable,,Insufficient expertise,Insufficient expertise,Insufficient expertise,Insufficient expertise,Insufficient expertise,,Incomplete Knowledge Adaptations is a major concern. It is not same as predicting the next set of words like in LLMs context. Its mission critical. ,"BT extension is just more programming. The more you work on it, the more it gets closer to looking like a code. "
P12,"I have read the study information above., I understand that participation is voluntary., I understand that I may stop before submitting the questionnaire., I consent to participate in this study.",3,1,"I am familiar with Behavior Trees, but I have not used them directly.","Academia, Research Institute","Service robotics, Industrial automation",Software Engineering for Robotic Systems,Extermely relevant,Extremely relevant,Extremly  relevant,Extremely relevant,Extremely relevant,,Mainly by adapting external modules/models,Mainly by adapting external modules/models,Mainly by adapting external modules/models,Mainly by adapting external modules/models,Mainly by adapting external modules/models,"BTs address operational strategies but do not really model needs, capabilities, constraints, etc.",Partially suitable,Partially suitable,Partially suitable,Partially suitable,Partially suitable,"I'm not very familiar with the expressiveness of BTs, but it seems to me that they may be insufficiently expressive to express general adaptation strategies. Also, an adaptation strategy may require understanding the current BTs driving execution to ensure safe runtime change of the trees.",Insufficient expertise,Insufficient expertise,Insufficient expertise,Insufficient expertise,Insufficient expertise,I don't quite understand this approach. Extensions of the BT formalism seem to me orthogonal to BT generation. It is not clear to me how these extensions would address adaptations.,Partially suitable,Partially suitable,Partially suitable,Partially suitable,Partially suitable,"I dont think it is very convenient or feasible to convert goals, constraints, etc into one fitness function that will ensure evolving a BT to achieve the desired behaviour. ",Partially suitable,Partially suitable,Partially suitable,Partially suitable,Partially suitable,"There may be some situations in which an adaptation is feasible via refinement, but some adaptations may require drastic changes that break refinement.",,"It seems to me that behaviour trees potential advantage to other approaches of describing operational behaviour is that they have some industrial adoption and that some engineers are accustomed to reading and writing them. It is not clear that autogeneration would require human intervention, thus using such a cumbersome language may be detrimental. "
P13,"I have read the study information above., I understand that participation is voluntary., I understand that I may stop before submitting the questionnaire., I consent to participate in this study.",3,3,I have studied or researched Behavior Trees as a formalism for robotic behavior.,Academia,Service robotics,PhD student,Extermely relevant,Extremely relevant,Extremly  relevant,Extremely relevant,Extremely relevant,,By both adapting BTs formalism and external modules,By both adapting BTs formalism and external modules,By both adapting BTs formalism and external modules,By both adapting BTs formalism and external modules,By both adapting BTs formalism and external modules,,Completely suitable,Completely suitable,Completely suitable,Completely suitable,Completely suitable,,Completely suitable,Completely suitable,Completely suitable,Completely suitable,Completely suitable,,Completely suitable,Completely suitable,Not suitable,Completely suitable,Completely suitable,,Completely suitable,Completely suitable,Completely suitable,Completely suitable,Completely suitable,,,
P14,"I have read the study information above., I understand that participation is voluntary., I understand that I may stop before submitting the questionnaire., I consent to participate in this study.",3,2,"I am familiar with Behavior Trees, but I have not used them directly.",Academia,"Service robotics, Socially-aware mobile robot navigation in simulated indoor environments","PhD student and researcher working on reinforcement learning, explainable autonomous systems, and socially-aware robot navigation in simulated environments.",Very relevant,Extremely relevant,Very relevant,Very relevant,Extremely relevant,"Perception uncertainty, incomplete knowledge, and changes in the environment or human behavior are particularly important adaptation needs.
",Mainly by adapting external modules/models,Mainly by adapting external modules/models,By both adapting BTs formalism and external modules,"Mainly by updating the BT, without changing the formalism",By both adapting BTs formalism and external modules,"Perception uncertainty, incomplete knowledge, and changes in the environment or human behavior are especially important adaptation needs. Some categories overlap in practice, and distribution shifts between training and deployment should also be considered.
",Partially suitable,Partially suitable,Partially suitable,Completely suitable,Partially suitable,BT Generation is most suitable for new or changed missions. Other adaptation needs usually also require external modules and accurate specifications.,Partially suitable,Completely suitable,Completely suitable,Partially suitable,Completely suitable,"BT Extension can represent uncertainty, failures, resource constraints, and agent interactions, but it does not directly update knowledge or mission goals.",Partially suitable,Partially suitable,Partially suitable,Completely suitable,Partially suitable,"BT Evolution can optimize behavior for changed goals, but computation, fitness design, and safety validation may limit its practical use.",Partially suitable,Partially suitable,Completely suitable,Partially suitable,Completely suitable,"BT Refinement is suitable for incremental system and environmental changes, but not for fundamental mission changes or adapting the sensor models themselves.","Distribution shifts between training and deployment, simulation-to-reality gaps, and changing safety requirements could be considered more explicitly.","Runtime BT adaptation should remain interpretable, verifiable, and reversible, especially in environments shared with humans."
P15,"I have read the study information above., I understand that participation is voluntary., I understand that I may stop before submitting the questionnaire., I consent to participate in this study.",3,3,I have used Behavior Trees to implement robotic behavior.,Research Institute,Industrial automation,robotics engineer ,Very relevant,Very relevant,Extremly  relevant,Extremely relevant,Moderately relevant,,Mainly by extending the BT formalism,By both adapting BTs formalism and external modules,"Mainly by updating the BT, without changing the formalism",By both adapting BTs formalism and external modules,Mainly by adapting external modules/models,,Insufficient expertise,Partially suitable,Completely suitable,Insufficient expertise,Partially suitable,,Partially suitable,Partially suitable,Partially suitable,Partially suitable,Partially suitable,,Partially suitable,Partially suitable,Not suitable,Partially suitable,Partially suitable,,Partially suitable,Completely suitable,Completely suitable,Partially suitable,Partially suitable,,,
P16,"I have read the study information above., I understand that participation is voluntary., I understand that I may stop before submitting the questionnaire., I consent to participate in this study.",4,3,I have studied or researched Behavior Trees as a formalism for robotic behavior.,"Academia, Independent / personal projects","Service robotics, Industrial automation",PhD student,Very relevant,Very relevant,Very relevant,Very relevant,Very relevant,,Mainly by extending the BT formalism,By both adapting BTs formalism and external modules,By both adapting BTs formalism and external modules,Using classical BTs is enough,"Mainly by updating the BT, without changing the formalism",,Not suitable,Partially suitable,Not suitable,Completely suitable,Partially suitable,,Partially suitable,Not suitable,Completely suitable,Completely suitable,Completely suitable,,Completely suitable,Partially suitable,Completely suitable,Completely suitable,Completely suitable,,Completely suitable,Completely suitable,Completely suitable,Completely suitable,Completely suitable,,,
P17,"I have read the study information above., I understand that participation is voluntary., I understand that I may stop before submitting the questionnaire., I consent to participate in this study.",5,3,I have used Behavior Trees to implement robotic behavior.,"Academia, Industry, Research Institute, Open-source or community project",Mobile robots and autonomous vehicles,Research Engineer in Motion planning and Decision-making,Extermely relevant,Extremely relevant,Moderately relevant,Moderately relevant,Extremely relevant,"Talking from the point view of an engineer specialized in mobile outdoor robots and autonomous vehicles, which both encounter a lot of interaction with dynamic obstacles (other vehicles/pedestrians/humans moving around). This makes decision-making and behavior planning of the robotic system highly critical and risky, should be highly adaptive to any change in the environment , to non accurate perception, and should update knowledge at high frequency taking also probabilities into account, that's why I marked them as Extremely relevant, but for mission related needs, it happens at a higher level the system will update it for sure and react but it is not critical to be quick and highly adaptive, and for system-related needs, we usually take them into consideration and have them covered, they doesn't need highly adaptivity, usually they can be anticipated and covered in the global most high level decision-making.",By both adapting BTs formalism and external modules,None of the above (explain),"Mainly by updating the BT, without changing the formalism","Mainly by updating the BT, without changing the formalism",By both adapting BTs formalism and external modules,"I can see how BT can be used for behavior planning (Knowledge-related needs), system needs, mission needs, and environment needs, but I don't see how they can be used for perception, usually neural networks are mainly used for perception. I don't have experience in developing perception module so maybe that's why I can't understand their usage in perception module.",Partially suitable,Insufficient expertise,Partially suitable,Completely suitable,Partially suitable,"for Knowledge-related needs and Environment- and agent-related needs I marked Partially suitable, because I feel that it is risky, to rely on BT generation, because they are both critical behaviors, and generating the tree on each run (with no anticipation of the output, with NNs it's a random output) is like generating the rules that the whole system will follow and adhere to, with no consistency, I prefer to have some solid rules of behavior then extend while adapting or changing slightly in a small area is better, for interpretation of robot's behavior , in case of any error or incorrect behavior, after testing in real-life scenarios.",Completely suitable,Insufficient expertise,Completely suitable,Completely suitable,Completely suitable,,Completely suitable,Insufficient expertise,Completely suitable,Completely suitable,Completely suitable,,Completely suitable,Insufficient expertise,Completely suitable,Completely suitable,Completely suitable,,No.,
P18,"I have read the study information above., I understand that participation is voluntary., I understand that I may stop before submitting the questionnaire., I consent to participate in this study.",5,4,I have used Behavior Trees to implement robotic behavior.,Academia,Industrial automation,robotics researcher,Very relevant,Very relevant,Very relevant,Very relevant,Extremely relevant,,Using classical BTs is enough,"Mainly by updating the BT, without changing the formalism",Mainly by extending the BT formalism,Using classical BTs is enough,Using classical BTs is enough,,Partially suitable,Partially suitable,Partially suitable,Completely suitable,Partially suitable,,Partially suitable,Partially suitable,Partially suitable,Completely suitable,Partially suitable,,Partially suitable,Partially suitable,Partially suitable,Completely suitable,Partially suitable,,Partially suitable,Partially suitable,Partially suitable,Completely suitable,Partially suitable,,,
P19,"I have read the study information above., I understand that participation is voluntary., I understand that I may stop before submitting the questionnaire., I consent to participate in this study.",4,4,I have used Behavior Trees to implement robotic behavior.,"Academia, Industry",Industrial automation," robotics researcher, autonomy engineer,",Extermely relevant,Extremely relevant,Very relevant,Very relevant,Very relevant,"In practical robotic applications, environmental perception and knowledge extraction capabilities are particularly important.",By both adapting BTs formalism and external modules,By both adapting BTs formalism and external modules,By both adapting BTs formalism and external modules,Mainly by adapting external modules/models,Mainly by adapting external modules/models,,Completely suitable,Completely suitable,Completely suitable,Completely suitable,Completely suitable,,Partially suitable,Partially suitable,Partially suitable,Not suitable,Not suitable,,Insufficient expertise,Insufficient expertise,Insufficient expertise,Insufficient expertise,Insufficient expertise,,Partially suitable,Partially suitable,Partially suitable,Not suitable,Not suitable,,,
P20,"I have read the study information above., I understand that participation is voluntary., I understand that I may stop before submitting the questionnaire., I consent to participate in this study.",4,4,I have studied or researched Behavior Trees as a formalism for robotic behavior.,"Academia, Research Institute",Service robotics,PhD Student,Extermely relevant,Extremely relevant,Very relevant,Very relevant,Very relevant,Having to answer a single answer for a group of multiple adaptation needs may muddy the waters of the results. ,By both adapting BTs formalism and external modules,By both adapting BTs formalism and external modules,Mainly by adapting external modules/models,"Mainly by updating the BT, without changing the formalism",By both adapting BTs formalism and external modules,,Completely suitable,Completely suitable,Completely suitable,Completely suitable,Completely suitable,,Completely suitable,Completely suitable,Completely suitable,Completely suitable,Completely suitable,,Completely suitable,Completely suitable,Completely suitable,Completely suitable,Completely suitable,,Completely suitable,Completely suitable,Completely suitable,Completely suitable,Completely suitable,,,
P21,"I have read the study information above., I understand that participation is voluntary., I understand that I may stop before submitting the questionnaire., I consent to participate in this study.",4,1,I have used Behavior Trees to implement robotic behavior.,Industry,"Field robotics, Industrial automation, Construction",Robotics Software Engineer,Very relevant,Very relevant,Very relevant,Very relevant,Very relevant,,Using classical BTs is enough,Mainly by extending the BT formalism,Mainly by extending the BT formalism,Mainly by extending the BT formalism,Mainly by extending the BT formalism,,Completely suitable,Completely suitable,Completely suitable,Completely suitable,Completely suitable,,Partially suitable,Partially suitable,Partially suitable,Partially suitable,Partially suitable,,Partially suitable,Partially suitable,Partially suitable,Partially suitable,Partially suitable,,Completely suitable,Completely suitable,Completely suitable,Completely suitable,Completely suitable,,,
P22,"I have read the study information above., I understand that participation is voluntary., I understand that I may stop before submitting the questionnaire., I consent to participate in this study.",5,3,"I have developed tools, methods, or algorithms that use Behavior Trees.","Academia, Industry, Open-source or community project, Independent / personal projects","Service robotics, Field robotics, Industrial automation",Robotics architect ,Moderately relevant,Extremely relevant,Slightly relevant,Very relevant,Very relevant,,By both adapting BTs formalism and external modules,By both adapting BTs formalism and external modules,Mainly by adapting external modules/models,Mainly by extending the BT formalism,Mainly by extending the BT formalism,,Partially suitable,Partially suitable,Partially suitable,Completely suitable,Completely suitable,,Partially suitable,Partially suitable,Not suitable,Completely suitable,Completely suitable,,Partially suitable,Partially suitable,Not suitable,Completely suitable,Completely suitable,,Partially suitable,Partially suitable,Not suitable,Completely suitable,Completely suitable,,,
P23,"I have read the study information above., I understand that participation is voluntary., I understand that I may stop before submitting the questionnaire., I consent to participate in this study.",5,4,I have used Behavior Trees to implement robotic behavior.,"Academia, Industry, Open-source or community project, Independent / personal projects","Industrial automation, Autonomous Robotics in general ","Robotics researcher and PhD student, integrator for multi-robot systems ",Extermely relevant,Very relevant,Very relevant,Very relevant,Extremely relevant,"Some oh the adaptations should be divided into more categories, e.g., ""local"" safety, system safety (collisions, deadlocks), collaboration of the robots and/or humans ",By both adapting BTs formalism and external modules,"Mainly by updating the BT, without changing the formalism",By both adapting BTs formalism and external modules,"Mainly by updating the BT, without changing the formalism",By both adapting BTs formalism and external modules,"I understood the adaptation of the BT formalism as the concurrent automaton/Petri network/anything with the ""dynamic resource bookkeeping"" features. BTs lack the option for Uncertainty Quantification such as Conformal Prediction etc. in their formalism, alongside the proper implementation modules. ",Partially suitable,Partially suitable,Not suitable,Completely suitable,Partially suitable,"No a priori knowledge, hard to acquire data to train the generation so it won't have blind spots ",Completely suitable,Completely suitable,Completely suitable,Completely suitable,Completely suitable,"This is the standard way that I used to nearly every problem described, it will work if you have enough time, energy and work. Minus - it's quite rigid. ",Partially suitable,Completely suitable,Not suitable,Completely suitable,Completely suitable,"This kind of upgrade will suffer from the hard to avoid problems such as deadlocks if the evolution is not sufficiently constrained with proper invariants. A lot of work and research to do here, but it's interesting to see the new solutions with LLMs etc. ",Completely suitable,Partially suitable,Completely suitable,Completely suitable,Partially suitable,"Control algorithms should be the robust part of BTs at the perception and actuation levels (see the classic ""Probabilistic Robotics""). It COULD work, but it won't necessary be better than existing solutions. ","Uncertainty Quantification baked in the BT, statistical safety, formal correctness of the BT using Lean4 or similar framework ",
P24,"I have read the study information above., I understand that participation is voluntary., I understand that I may stop before submitting the questionnaire., I consent to participate in this study.",4,1,"I am familiar with Behavior Trees, but I have not used them directly.",Research Institute,"Healthcare robotics (e.g., prosthetics, surgery), Industrial automation",robotic and mechatronic system design,Very relevant,Extremely relevant,Extremly  relevant,Extremely relevant,Moderately relevant,,None of the above (explain),None of the above (explain),None of the above (explain),None of the above (explain),None of the above (explain),Not my domain,Insufficient expertise,Insufficient expertise,Insufficient expertise,Insufficient expertise,Insufficient expertise,,Insufficient expertise,Insufficient expertise,Insufficient expertise,Insufficient expertise,Insufficient expertise,,Insufficient expertise,Insufficient expertise,Insufficient expertise,Insufficient expertise,Insufficient expertise,,Insufficient expertise,Insufficient expertise,Insufficient expertise,Insufficient expertise,Insufficient expertise,,,
P25,"I have read the study information above., I understand that participation is voluntary., I understand that I may stop before submitting the questionnaire., I consent to participate in this study.",3,3,"I have worked on projects that use Behavior Trees, but I have not modified or implemented them myself.",Industry,"Service robotics, Field robotics",Robotics software engineer ,Slightly relevant,Slightly relevant,Moderately relevant,Slightly relevant,Slightly relevant,Important ,Mainly by extending the BT formalism,Mainly by extending the BT formalism,By both adapting BTs formalism and external modules,Mainly by adapting external modules/models,"Mainly by updating the BT, without changing the formalism",,Partially suitable,Partially suitable,Partially suitable,Completely suitable,Completely suitable,,Partially suitable,Partially suitable,Completely suitable,Partially suitable,Partially suitable,,Partially suitable,Partially suitable,Completely suitable,Partially suitable,Partially suitable,,Partially suitable,Partially suitable,Partially suitable,Completely suitable,Partially suitable,,,
P26,"I have read the study information above., I understand that participation is voluntary., I understand that I may stop before submitting the questionnaire., I consent to participate in this study.",5,3,"I have developed tools, methods, or algorithms that use Behavior Trees.","Academia, Industry","Service robotics, Field robotics, Industrial automation",Robotics AI Scientist,Extermely relevant,Very relevant,Moderately relevant,Moderately relevant,Extremely relevant,,By both adapting BTs formalism and external modules,Mainly by adapting external modules/models,Using classical BTs is enough,"Mainly by updating the BT, without changing the formalism",By both adapting BTs formalism and external modules,"Very briefly put, anything requiring scene/world/state understanding requires extensive modifications to BTs and leveraging external models. This relates to reasoning, planning, AND prediction. Once the relevant action-space is identified, action sampling and executing becomes more trivial. System-level and architecture needs usually do not need much adaptation in practice, and if they do, typically they can be reasoned for and addressed and reasoned for under knowledge- and env-related needs.",Completely suitable,Partially suitable,Not suitable,Partially suitable,Completely suitable,System and architecture needs require solid & well-defined contracts and schema; no initial BT could become very problematic,Partially suitable,Completely suitable,Not suitable,Completely suitable,Partially suitable,"System and architecture needs require solid & well-defined contracts and schema; ""changing semantics"" is key problem here",Partially suitable,Completely suitable,Not suitable,Partially suitable,Partially suitable,"Same reason as above, but depends on how the search & optimization spaces are defined and contained",Not suitable,Partially suitable,Completely suitable,Partially suitable,Not suitable,Knowledge and Env-related needs may require completely different formalisms and need to be much more dynamic in behaviors,"No, if you consider ""Human Adaptation"" to be a sub-set of Env adaptation (depends on problem statement). Humans can be predictable AND unpredictable at the same time; they are usually a hybrid between all categories you mentioned, except the system/architecture adaptations.",
P27,"I have read the study information above., I understand that participation is voluntary., I understand that I may stop before submitting the questionnaire., I consent to participate in this study.",3,2,"I have worked on projects that use Behavior Trees, but I have not modified or implemented them myself.",Academia,"Field robotics, Industrial automation",Robotics researcher,Very relevant,Very relevant,Moderately relevant,Very relevant,Extremely relevant,,"Mainly by updating the BT, without changing the formalism",Mainly by adapting external modules/models,Mainly by adapting external modules/models,Mainly by adapting external modules/models,Mainly by adapting external modules/models,,Partially suitable,Completely suitable,Completely suitable,Completely suitable,Completely suitable,,Partially suitable,Completely suitable,Completely suitable,Partially suitable,Completely suitable,,Partially suitable,Partially suitable,Partially suitable,Completely suitable,Completely suitable,,Partially suitable,Completely suitable,Completely suitable,Completely suitable,Completely suitable,,,
P28,"I have read the study information above., I understand that participation is voluntary., I understand that I may stop before submitting the questionnaire., I consent to participate in this study.",3,1,"I have worked on projects that use Behavior Trees, but I have not modified or implemented them myself.",Academia,Marine robotics,Postdoc cybersecurity for Embodied AI,Moderately relevant,Moderately relevant,Slightly relevant,Very relevant,Not relevant,,Mainly by extending the BT formalism,Mainly by adapting external modules/models,Mainly by extending the BT formalism,Mainly by extending the BT formalism,By both adapting BTs formalism and external modules,,Completely suitable,Insufficient expertise,Completely suitable,Partially suitable,Partially suitable,,Completely suitable,Partially suitable,Partially suitable,Completely suitable,Partially suitable,,Partially suitable,Not suitable,Partially suitable,Completely suitable,Partially suitable,,Completely suitable,Insufficient expertise,Partially suitable,Completely suitable,Partially suitable,,,I am familiar with BTs from a PhD hackathon how develop two scenarios with BTs. I hope my answers would be helpful. 
P29,"I have read the study information above., I understand that participation is voluntary., I understand that I may stop before submitting the questionnaire., I consent to participate in this study.",5,5,"I have developed tools, methods, or algorithms that use Behavior Trees.",Academia,"Service robotics, Field robotics",Robotics Researcher,Very relevant,Extremely relevant,Moderately relevant,Moderately relevant,Very relevant,"I consider more important adaptations that are connected to changes in the environment, inaccuracies in data collection, or internal representations. Adaptations related to catastrophic failures (e.g., a broken sensor) or changes in mission objective are less important because they are too dependant to the requirement of the task.",Mainly by adapting external modules/models,Mainly by adapting external modules/models,Using classical BTs is enough,"Mainly by updating the BT, without changing the formalism","Mainly by updating the BT, without changing the formalism",,Partially suitable,Not suitable,Completely suitable,Completely suitable,Completely suitable,"Perception- or actuation-related needs should be intercepted before the creation of the BT. In the case of knowledge, an adapted BT could be used to refresh the internal representation of the robot, but it is a limited use case.",Partially suitable,Not suitable,Partially suitable,Completely suitable,Completely suitable,All needs connected with system resources or architecture are better managed with simple conditions and reliable bheaviors. The increased complexity of additional formalism risks causing unexpected behaviors.,Partially suitable,Not suitable,Partially suitable,Completely suitable,Completely suitable,,Partially suitable,Not suitable,Completely suitable,Completely suitable,Completely suitable,,,
P30,"I have read the study information above., I understand that participation is voluntary., I understand that I may stop before submitting the questionnaire., I consent to participate in this study.",3,1,I am not familiar with Behavior Trees.,"Academia, Industry",Industrial automation,Automation Engineering,Moderately relevant,Very relevant,Extremly  relevant,Extremely relevant,Very relevant,,"Mainly by updating the BT, without changing the formalism",None of the above (explain),Mainly by extending the BT formalism,Mainly by extending the BT formalism,Mainly by extending the BT formalism,"From my point of view, in case of Perception and Actuation-related needs, external modules and models should almost always be adapted. However, depending on the outcomes of the adaptations, some updatings may need to be made to the BT as well (not necessarily changing the formalism). 

Unpredictable and complex missions and tasks may mostly require dynamical BT updating. Calssical BT may become specially useful in mainly predictable and boundable applications. ",Not suitable,Partially suitable,Completely suitable,Partially suitable,Partially suitable,,Completely suitable,Partially suitable,Completely suitable,Completely suitable,Completely suitable,,Partially suitable,Completely suitable,Completely suitable,Not suitable,Completely suitable,,Not suitable,Completely suitable,Partially suitable,Not suitable,Completely suitable,"Knowledge related and Mission-and-goal related needs, may requiere a change in the whole sequence or logic, which BT Refinement could not guarantee. 

In the case of System resource and architecture related needs, some adaptations to a previously working BT might work as long as the adaptation need's requirementes do not differ excideengly from the previous ones. ",,
P31,"I have read the study information above., I understand that participation is voluntary., I understand that I may stop before submitting the questionnaire., I consent to participate in this study.",4,3,"I am familiar with Behavior Trees, but I have not used them directly.","Academia, Independent / personal projects","Field robotics, Industrial automation",Robotics Software Engineer,Insufficient expertise,Extremely relevant,Very relevant,Extremely relevant,Moderately relevant,"I consider environment-related adaptation to be highly relevant because robots often operate under changing conditions such as lighting, terrain, obstacles, and weather. However, I believe human-agent and non-human agent coexistence are application-dependent. They are essential for collaborative robots, autonomous vehicles, and multi-robot systems, but may be less critical for robots operating in structured industrial environments.",By both adapting BTs formalism and external modules,Mainly by adapting external modules/models,"Mainly by updating the BT, without changing the formalism","Mainly by updating the BT, without changing the formalism",By both adapting BTs formalism and external modules,,Partially suitable,Partially suitable,Partially suitable,Completely suitable,Partially suitable,"BT Generation is partially suitable for perception-, actuation-, and environment-related adaptation needs because these often depend on external components such as sensors, perception models, localization, and control algorithms. While a generated Behavior Tree can coordinate decision-making, effective adaptation usually requires updates to these external modules in addition to the BT itself.",Completely suitable,Partially suitable,Partially suitable,Completely suitable,Completely suitable,"BT Extension is partially suitable for perception-, actuation-, and system resource-related adaptation needs because these areas depend heavily on external hardware, sensors, control algorithms, and system-level resource management. Extending the Behavior Tree can improve decision-making and coordination, but it cannot fully replace adaptations in these external components",Completely suitable,Partially suitable,Partially suitable,Completely suitable,Completely suitable,"BT Evolution is highly suitable for knowledge-, mission-, and environment-related adaptation because it enables the robot to improve its decision-making structure over time. However, perception, actuation, and system resource adaptation still depend on external sensors, controllers, middleware, and hardware, so BT Evolution alone is only partially suitable for these adaptation needs.",Partially suitable,Partially suitable,Partially suitable,Completely suitable,Partially suitable,"BT Refinement improves the existing decision logic but cannot fully address adaptation needs that rely on external sensing, learning, control, or system-level resource management. Therefore, it is only partially suitable for these cases.","One adaptation need that could be included is safety- and reliability-related adaptation. Robots should be able to adapt to hardware failures, sensor faults, communication failures, and unexpected hazardous situations while maintaining safe operation. This is particularly important for autonomous and safety-critical robotic systems.","Behavior Trees are a powerful framework for
organizing robot behavior and decision-making. However, effective adaptation in real-world robotic systems also requires robust perception, learning, planning, and control components. Combining Behavior Trees with these external modules is likely to produce more reliable and adaptable robotic systems."
P32,"I have read the study information above., I understand that participation is voluntary., I understand that I may stop before submitting the questionnaire., I consent to participate in this study.",5,1,"I am familiar with Behavior Trees, but I have not used them directly.",Research Institute,Industrial automation,Autonomy engineer,Very relevant,Extremely relevant,Moderately relevant,Extremely relevant,Extremely relevant,,Mainly by adapting external modules/models,Using classical BTs is enough,Mainly by extending the BT formalism,Using classical BTs is enough,"Mainly by updating the BT, without changing the formalism",,Partially suitable,Completely suitable,Completely suitable,Completely suitable,Completely suitable,,Partially suitable,Partially suitable,Completely suitable,Completely suitable,Partially suitable,,Completely suitable,Completely suitable,Completely suitable,Completely suitable,Completely suitable,,Partially suitable,Completely suitable,Completely suitable,Completely suitable,Partially suitable,,,
P33,"I have read the study information above., I understand that participation is voluntary., I understand that I may stop before submitting the questionnaire., I consent to participate in this study.",4,3,"I have worked on projects that use Behavior Trees, but I have not modified or implemented them myself.","Academia, Research Institute, Independent / personal projects","Service robotics, Space robotics, Field robotics, Industrial automation","Robotics STEM Educator, Robotic Systems Integrator",Very relevant,Very relevant,Very relevant,Very relevant,Very relevant,"The adaptation needs listed above are highly relevant for autonomous robotic systems. In real-world environments, robots must deal with uncertainties related to knowledge, perception, actuation, system resources, missions and the surrounding environment.

These aspects are particularly important for robots that need to operate reliably in dynamic and unpredictable contexts. Behavior Trees represent an interesting approach for managing such adaptations, as they provide a structured way to represent, organize and modify robot decision-making strategies according to changing conditions.

However, some aspects could be further clarified, especially how different types of adaptation interact with each other and how robots should prioritize adaptations when multiple changes occur simultaneously (for example, a hardware failure combined with a mission change or an environmental variation).
",Mainly by adapting external modules/models,Mainly by adapting external modules/models,By both adapting BTs formalism and external modules,"Mainly by updating the BT, without changing the formalism",By both adapting BTs formalism and external modules,"Behavior Trees are a suitable framework for representing and managing robot behaviors but different adaptation needs require different strategies.

Knowledge-related and perception/actuation-related adaptations are mainly handled through external modules, such as knowledge bases, AI models, perception algorithms and controllers, while the BT remains responsible for decision-making.

Mission-related adaptations can often be addressed by updating the BT structure or parameters without changing the formalism, since BTs are naturally suited for task organization and goal management.

System-related and environment-related adaptations are more complex and may require both BT extensions and modifications of external components to handle failures, changing resources, dynamic contexts and interactions with other agents.

Overall, adaptive robotic systems require a combination of flexible BT design and adaptable external modules to achieve robust and autonomous behavior.
",Partially suitable,Partially suitable,Not suitable,Completely suitable,Partially suitable,"1 : BT generation relies on pre-existing knowledge (libraries, templates, ontologies) to produce the BT. However, it does not support continuous updating or online learning of that knowledge once the BT is generated. The knowledge is frozen at generation time.

2 : The generated BT can include sensors and actuators, but the perception–action loop is hardcoded into the static structure. It cannot adapt reactively to novel or changing sensory inputs during execution without a full regeneration.

3 : BT generation typically ignores low-level hardware constraints (e.g., memory, CPU, communication latency) and architectural concerns (e.g., distributed or multi-robot deployment). It produces a logical behavior that is not tailored to resource variability or platform limitations.

4: This is the primary strength of BT generation. Given a high-level specification (natural language, human intent, task plan, demonstration), it directly produces a BT that encodes the required mission structure, including sequences, fallbacks, and conditions to achieve the goal.

5: The generation process can incorporate static, a priori information about the environment (e.g., known maps) and the agent's capabilities (e.g., available skills). However, it cannot adapt online to dynamic environmental changes (e.g., obstacles) or agent degradation (e.g., battery loss, actuator failure) during execution.
",Partially suitable,Partially suitable,Not suitable,Completely suitable,Partially suitable,"1 : BT extension can introduce new node types that encode specific domain knowledge (e.g., a ""Bayesian update"" decorator). However, it does not provide a mechanism to acquire, revise, or grow that knowledge over time; it only offers a static language construct to represent knowledge that must be supplied externally.

2 : Extending the language with new condition types (e.g., probabilistic or temporal conditions) can enrich how perceptual data is evaluated. However, this does not adapt the perception–actuation loop itself to changing sensor modalities or failures; it merely offers more expressive ways to describe perceptions, not to reconfigure them dynamically.

3 : BT extension is entirely agnostic to hardware constraints or distributed architectures. Adding new syntactic constructs or semantics does not address resource monitoring, load balancing, or deployment across multiple robots. It is a language-level change, not a runtime resource-management mechanism.

4: Extension allows new control nodes (e.g., parallel-with-threshold) or decorators (e.g., timeout) to directly express more complex mission structures that were not representable in the original formalism. This makes it perfectly suited to encode richer goals and mission constraints within the BT itself.

5: New constructs can represent environment uncertainties (probabilistic conditions) or agent state (e.g., battery-level decorators). However, the formalism itself does not adapt autonomously to environmental changes; it only provides a richer vocabulary to express such conditions. The actual adaptation still requires external logic to set the values or trigger re-planning.",Partially suitable,Partially suitable,Not suitable,Completely suitable,Partially suitable,"1: BT evolution can embed knowledge implicitly in the structure that maximizes fitness (e.g., learned avoidance patterns). However, it does not explicitly represent, update, or reason about symbolic knowledge. The knowledge is ""black-boxed"" in the tree structure and is not amenable to semantic querying or explanation.

2: Evolution can optimize which perceptual features are used (e.g., by adding conditions that check specific sensor values) and which actions are triggered. However, it does not adapt the actual perception pipelines or actuation primitives themselves; it only rearranges their invocation. Moreover, online evolution is often too slow for real-time perceptual adaptation.

3: Evolution typically optimizes for behavioral fitness (success rate, time, energy) but does not explicitly handle hardware resource constraints like memory, CPU load, or network bandwidth. It also does not consider distributed architectures or communication overhead. The fitness function could include resource usage, but evolution does not guarantee hard real-time or architectural feasibility.

4: Evolution is perfectly suited to refine a BT toward a specific mission objective. The fitness function can directly encode mission success, completion time, or other goal-related metrics, and the search process will iteratively improve the BT to better achieve that goal. Even if the goal changes, the fitness can be redefined to drive evolution toward the new objective.

5: Evolution can adapt the BT to a static or slowly changing environment by optimizing fitness over recorded scenarios. It can also incorporate agent constraints (e.g., battery consumption) into the fitness. However, it is poorly suited for dynamic environments that change during execution, because evolution is an offline or very slow online process; the BT structure remains fixed after evolution unless re-run.",Partially suitable,Completely suitable,Partially suitable,Completely suitable,Completely suitable,"1: BT refinement can adjust parameters or conditions based on new knowledge (e.g., updating a threshold from empirical data). However, it does not fundamentally acquire, represent, or reason about new symbolic knowledge; it only tunes existing elements using externally provided information. The knowledge is not explicitly managed or expanded.

2: Refinement is perfectly suited to adjust perceptual thresholds (e.g., confidence levels), timeouts, retry counts, and action parameters. It can also replace a subtree to use a different perception pipeline or actuation strategy while keeping the same goal. These refinements directly improve how the robot perceives and acts without altering the formalism.

3: Refinement can tune parameters like timeouts or retries to account for limited resources (e.g., longer timeout for slower CPUs). However, it does not address fundamental architectural changes (e.g., moving from centralized to distributed execution) or hard resource constraints like memory allocation. It is a local adjustment, not a systemic redesign.

4: Refinement explicitly preserves the same overall goal or mission. It improves how that goal is achieved (robustness, efficiency, reliability) without changing the intent. This is exactly the purpose of refinement – making the existing behavior better while keeping the mission intact.

5: Refinement is perfectly suited to adapt the BT to changes in the environment (e.g., adding obstacle avoidance) or the agent (e.g., adjusting for wear or degradation). It can replace subtrees, strengthen conditions, or add recovery actions to handle new environmental situations or agent states, all while preserving the original task.","One additional adaptation need that could be considered is learning-based adaptation. Robotic systems increasingly rely on machine learning and reinforcement learning to improve their performance over time. The ability of a robot to learn from previous experiences, update its models and adapt its behaviors autonomously is an important aspect of long-term autonomy.

Another relevant aspect is safety and ethical adaptation, especially for robots operating in human environments. Robots should be able to adapt their behaviors while maintaining safety constraints and respecting operational requirements.","Behavior Trees are a powerful and interpretable approach for designing adaptive robotic behaviors. However, challenges remain regarding scalability, automatic generation and modification of BTs and the integration of learning mechanisms while preserving transparency and safety.

Future research could focus on combining Behavior Trees with artificial intelligence techniques to enable robots to autonomously adapt their behaviors while remaining reliable, explainable and safe in complex environments."
P34,"I have read the study information above., I understand that participation is voluntary., I understand that I may stop before submitting the questionnaire., I consent to participate in this study.",3,4,"I have developed tools, methods, or algorithms that use Behavior Trees.",Industry,Service robotics,autonomy engineer,Very relevant,Very relevant,Extremly  relevant,Very relevant,Very relevant,,Using classical BTs is enough,By both adapting BTs formalism and external modules,None of the above (explain),"Mainly by updating the BT, without changing the formalism",Using classical BTs is enough,"When system resources or the system architecture degrade, the Behavior Tree may no longer execute at its intended tick rate. This can reduce the stability and responsiveness of the robot's behavior. Although some mitigation strategies, such as dynamically reducing action execution frequency or adjusting tick rates through the blackboard, may help, these situations are difficult to predict and handle robustly. In practice, external observers can easily notice degraded responsiveness or unstable robot behavior, which negatively affects the perceived reliability and quality of the robotic system.",Completely suitable,Partially suitable,Not suitable,Completely suitable,Partially suitable,"In my opinion, generating a Behavior Tree without environmental knowledge is very challenging. If the system includes a learning process, the Behavior Tree may need to be generated or regenerated according to the environment during task execution. However, optimizing such a process is difficult due to its complexity. Therefore, environmental knowledge is one of the most important factors for successful Behavior Tree generation.

When obstacles or environmental conditions change, using LiDAR patterns or semantic information obtained from camera segmentation can help the generated Behavior Tree handle specific situations more effectively. This enables the robot to behave more stably, naturally, and predictably. However, I do not consider this mandatory. A robust and general-purpose Behavior Tree can still be generated without explicitly classifying every obstacle.

In my opinion, this is one of the most challenging aspects of Behavior Tree generation. System resources and architecture are influenced by many interacting factors, making them difficult to model accurately. Developing a robust solution usually requires extensive trial-and-error experimentation, which is both time-consuming and costly. Therefore, handling this complexity is particularly difficult.

In my opinion, mission- and goal-related information is one of the most valuable inputs for Behavior Tree generation. If sufficient knowledge about the mission is available, generating a mission-specific Behavior Tree can make the robot's behavior more intelligent, stable, and reliable. This is because missions can often be formalized. A clear and well-structured mission specification enables the generation of Behavior Trees with higher correctness and greater behavioral stability",Completely suitable,Partially suitable,Not suitable,Completely suitable,Partially suitable,,Completely suitable,Partially suitable,Not suitable,Completely suitable,Partially suitable,,Completely suitable,Completely suitable,Not suitable,Completely suitable,Completely suitable,,,
P35,"I have read the study information above., I understand that participation is voluntary., I understand that I may stop before submitting the questionnaire., I consent to participate in this study.",4,1,"I am familiar with Behavior Trees, but I have not used them directly.",Academia,"Service robotics, Space robotics",PhD student ,Extermely relevant,Very relevant,Slightly relevant,Extremely relevant,Very relevant,,"Mainly by updating the BT, without changing the formalism",Mainly by adapting external modules/models,Using classical BTs is enough,By both adapting BTs formalism and external modules,Using classical BTs is enough,,Partially suitable,Insufficient expertise,Insufficient expertise,Insufficient expertise,Insufficient expertise,,Completely suitable,Completely suitable,Insufficient expertise,Insufficient expertise,Insufficient expertise,,Insufficient expertise,Insufficient expertise,Completely suitable,Completely suitable,Insufficient expertise,,Partially suitable,Partially suitable,Insufficient expertise,Partially suitable,Partially suitable,,,
P36,"I have read the study information above., I understand that participation is voluntary., I understand that I may stop before submitting the questionnaire., I consent to participate in this study.",5,5,I have studied or researched Behavior Trees as a formalism for robotic behavior.,"Academia, Industry, Open-source or community project",Industrial automation, robotics architect,Extermely relevant,Extremely relevant,Very relevant,Slightly relevant,Moderately relevant,"My answer are focused on the Industrial Automation context. Depending on the context, and the specific application, the relevance score changes considerably.",By both adapting BTs formalism and external modules,By both adapting BTs formalism and external modules,By both adapting BTs formalism and external modules,By both adapting BTs formalism and external modules,By both adapting BTs formalism and external modules,"BT only solves a part of the problem, the reactivity. It has to be interfaced with systems for knowledge representation, long-medium term planning, HAL, etc.",Partially suitable,Not suitable,Partially suitable,Completely suitable,Not suitable,"Generating a BT takes time. For all cases that require immediate reaction, it is not suitable, and partially suitable when you need a not-too-long reaction time",Completely suitable,Completely suitable,Completely suitable,Completely suitable,Completely suitable,,Insufficient expertise,Insufficient expertise,Insufficient expertise,Insufficient expertise,Insufficient expertise,,Partially suitable,Completely suitable,Partially suitable,Not suitable,Completely suitable,"Refinement complements BT generation, and it best suited in cases where generation is not an option ",,
P37,"I have read the study information above., I understand that participation is voluntary., I understand that I may stop before submitting the questionnaire., I consent to participate in this study.",4,5,"I have developed tools, methods, or algorithms that use Behavior Trees.","Academia, Industry, Research Institute, Open-source or community project","Service robotics, Industrial automation",Software Engineer,Extermely relevant,Moderately relevant,Slightly relevant,Very relevant,Very relevant,It's unclear the line between the ones that require human intervention and redevelopment of the system and the ones that are programmed for the robot agent to be performed autonomously (setting up the system to do so online),By both adapting BTs formalism and external modules,By both adapting BTs formalism and external modules,Mainly by adapting external modules/models,By both adapting BTs formalism and external modules,By both adapting BTs formalism and external modules,"For me BTs should act as a higher level orchestration layer for complex action execution with fallbacks, but not as the entire autonomous agent orchestrator... otherwise it becomes not scalable",Not suitable,Not suitable,Not suitable,Partially suitable,Partially suitable,"Can be applied to drive the restructuring and strengthening of some logical paths that can be occurred, but modules outside of BTs shall be adapted to tackle perception and knowledge related needs with BTs. BT (re)generation is not enough imo or not scalable and leading to very difficult to read BTs with mix of shared responsibilities",Not suitable,Not suitable,Not suitable,Partially suitable,Partially suitable,Same reason as above -> need to go beyond BT itself and making it communicate in a seamless manner to react to higher or different level stimuli related to sense and knowledge,Not suitable,Not suitable,Not suitable,Partially suitable,Partially suitable,Same intuition as prev answer,Not suitable,Not suitable,Not suitable,Partially suitable,Partially suitable,,You do not take in consideration higher level modules for orchestration on top of behavior tree (see PlanSys2 for instance) and/or others in which the semantic knowledge is preserved,
P38,"I have read the study information above., I understand that participation is voluntary., I understand that I may stop before submitting the questionnaire., I consent to participate in this study.",3,1,I am not familiar with Behavior Trees.,"Academia, Industry","Space robotics, Healthcare robotics (e.g., prosthetics, surgery), Industrial automation",robotics researcher,Very relevant,Moderately relevant,Slightly relevant,Extremely relevant,Slightly relevant,,Using classical BTs is enough,"Mainly by updating the BT, without changing the formalism",Mainly by adapting external modules/models,By both adapting BTs formalism and external modules,None of the above (explain),,Not suitable,Partially suitable,Completely suitable,Completely suitable,Insufficient expertise,,Not suitable,Partially suitable,Completely suitable,Completely suitable,Insufficient expertise,,Not suitable,Partially suitable,Completely suitable,Completely suitable,Insufficient expertise,,Not suitable,Partially suitable,Completely suitable,Completely suitable,Insufficient expertise,,,
P39,"I have read the study information above., I understand that participation is voluntary., I understand that I may stop before submitting the questionnaire., I consent to participate in this study.",3,3,I have used Behavior Trees to implement robotic behavior.,"Academia, Industry","Service robotics, Industrial automation",robotics software engineer (full time job)/ master's student (currently),Extermely relevant,Very relevant,Extremly  relevant,Extremely relevant,Slightly relevant,N/A,Mainly by adapting external modules/models,By both adapting BTs formalism and external modules,"Mainly by updating the BT, without changing the formalism",By both adapting BTs formalism and external modules,By both adapting BTs formalism and external modules,N/A,Completely suitable,Partially suitable,Completely suitable,Completely suitable,Partially suitable,N/A,Completely suitable,Partially suitable,Completely suitable,Completely suitable,Partially suitable,N/A,Completely suitable,Partially suitable,Completely suitable,Completely suitable,Partially suitable,N/A,Partially suitable,Partially suitable,Partially suitable,Completely suitable,Partially suitable,N/A,No,No
P40,"I have read the study information above., I understand that participation is voluntary., I understand that I may stop before submitting the questionnaire., I consent to participate in this study.",4,2,"I am familiar with Behavior Trees, but I have not used them directly.",Academia,Nuclear robotics,PhD Student,Very relevant,Extremely relevant,Very relevant,Very relevant,Extremely relevant,"The taxonomy covers the overall major adaptation challenges in robotic autonomous systems. Perception, actuation and environtemt related adaptation are particularly critical as robots operate under sensor uncertainty, dynamic env and imperfect execution. One possible improvement would be to make categories more explicit about interactions between them (adaptation needs often overlap, e.g, env changes leading to perception uncertainty?) Also, security, ethical and regulatory compliance could be considered as additional adaptation concerns for some domains.",Mainly by adapting external modules/models,By both adapting BTs formalism and external modules,Mainly by extending the BT formalism,Mainly by extending the BT formalism,By both adapting BTs formalism and external modules,"I am not expert in this area, but based on my understanding, BTs are mainly used for coordinating robot behaviours rather than handling perception, learning, or knowledge directly. Some adaptations needs seem better addressed by external modules and BTs can be updated or extended to use those capabilities when needed",Partially suitable,Partially suitable,Partially suitable,Completely suitable,Partially suitable,"BT generation seems most useful for creating behaviours from new goals or task descriptions. It feels less suitable for handling runtime perception, knowledge or system changes that likely depend more on external modules",Partially suitable,Completely suitable,Partially suitable,Partially suitable,Completely suitable,BT formalisation seems most useful when new executions or decision-making capabilities are needed. It may be not necessary for adaptations that can be handle by existing BTs or external components,Partially suitable,Partially suitable,Partially suitable,Completely suitable,Partially suitable,"Evolving BTs seems well suited for improving task strategies over time, but less directly applicable to issues that involve sensing, knowledge or hardware ",Completely suitable,Completely suitable,Completely suitable,Completely suitable,Completely suitable,"Refining an existing BT seems really useful because many adaptations involve updating conditions, parameters, or subtrees (no need to redesigning the whole behaviour)","One possible addition could be security or safety-related adaptations, especially for robots operating in dynamic environments",
P41,"I have read the study information above., I understand that participation is voluntary., I understand that I may stop before submitting the questionnaire., I consent to participate in this study.",4,1,"I have worked on projects that use Behavior Trees, but I have not modified or implemented them myself.","Academia, Research Institute",Field robotics,robotics software engineer researcher,Extermely relevant,Extremely relevant,Extremly  relevant,Extremely relevant,Extremely relevant,All of them are important and some aspects depend on other. For example: perception-related adaptation needs are needed for understanding environment-related adaptation needs.,"Mainly by updating the BT, without changing the formalism",By both adapting BTs formalism and external modules,By both adapting BTs formalism and external modules,"Mainly by updating the BT, without changing the formalism",Mainly by extending the BT formalism,,Partially suitable,Completely suitable,Completely suitable,Partially suitable,Completely suitable,"Environment-related adaptation needs usually require abstraction of the lower layers in the robot's software: perception, actuation, localization and navigation while combining mission and knowledge. I would say it can be a more complex task and thus, BTs might be extremely suitable.
",Partially suitable,Completely suitable,Completely suitable,Partially suitable,Completely suitable,BT Extensions that improve the capability of handling dependable aspects of the robot operations across the different adaptation needs are extremely suitable.,Partially suitable,Completely suitable,Partially suitable,Completely suitable,Completely suitable,"The knowledge update from the BT execution is extremely important to improve the BT itself for better handling new states that might not have been accounted for.
",Completely suitable,Completely suitable,Completely suitable,Completely suitable,Completely suitable,,,
P42,"I have read the study information above., I understand that participation is voluntary., I understand that I may stop before submitting the questionnaire., I consent to participate in this study.",4,2,I have studied or researched Behavior Trees as a formalism for robotic behavior.,Academia,"Service robotics, Field robotics",software engineer,Extermely relevant,Extremely relevant,Very relevant,Extremely relevant,Extremely relevant,,"Mainly by updating the BT, without changing the formalism",Mainly by adapting external modules/models,Mainly by extending the BT formalism,By both adapting BTs formalism and external modules,By both adapting BTs formalism and external modules,,Partially suitable,Partially suitable,Partially suitable,Completely suitable,Completely suitable,,Partially suitable,Partially suitable,Completely suitable,Completely suitable,Completely suitable,,Partially suitable,Partially suitable,Completely suitable,Completely suitable,Completely suitable,,Partially suitable,Partially suitable,Completely suitable,Completely suitable,Completely suitable,,,
P43,"I have read the study information above., I understand that participation is voluntary., I understand that I may stop before submitting the questionnaire., I consent to participate in this study.",4,5,I have studied or researched Behavior Trees as a formalism for robotic behavior.,Academia,I have not worked in a specific robotics domain,rseracher in S=software engineering of robotics systems,Extermely relevant,Extremely relevant,Extremly  relevant,Extremely relevant,Extremely relevant,,"Mainly by updating the BT, without changing the formalism",Mainly by adapting external modules/models,Mainly by adapting external modules/models,Mainly by extending the BT formalism,By both adapting BTs formalism and external modules,"I think it is a bit hard to choose only one option for each need. For example in case of perception and actuation needs, you need to try different solutions like updating the BTs formalism to count for the failures and if it doesn't work then maybe the external modules are faulty and need change. I find it a bit hard to say only this or that. It is more error and trial mindset that you need ",Not suitable,Partially suitable,Partially suitable,Partially suitable,Partially suitable,"for the ones I answered partially, If the BT generation also means generating the code for actions, then I would change to completely suitable for the ""Mission- and goal-related needs"" and ""Environment- and agent-related needs"" and ""Perception- and actuation-related needs"". If it is only generating the structure of BTs without underlying code for the actions, then partially.
For ""Knowledge-related needs"", if you are already don't have enough info about the environment or the info is drifted, how would the algorithm generate a suitable BTs?  and how would you assess if the generated BT is suitable or not with no prior info?",Not suitable,Partially suitable,Partially suitable,Partially suitable,Partially suitable,"for the ones I answered partially, If it is only changes in BTs control flow nodes, then it won't fully address the needs. You need to change the underlying code for action nodes.
for ""Knowledge-related needs"", I don't understand how the extension of BTs would solve the needs. The problem comes from lack of info rather than lack of semantic for expression ",Completely suitable,Partially suitable,Partially suitable,Partially suitable,Partially suitable,"If it is only structural changes in BTs, then it won't fully address the needs. I think BT evolution would support partially in case of component failure, but it wouldn't address the full needs if no changing to the underlying code of a node is done. The same applies for the rest of the needs",Completely suitable,Completely suitable,Completely suitable,Completely suitable,Completely suitable,,Not really,"I would recommend to clarify better when the adaptation also includes updating the underlying code for an action node, and when the changes are only for the structure of the BTs. It was a bit unclear for me. I felt only the BT refinement included the underlying code for the action nodes."
P44,"I have read the study information above., I understand that participation is voluntary., I understand that I may stop before submitting the questionnaire., I consent to participate in this study.",3,3,"I am familiar with Behavior Trees, but I have not used them directly.",I have not worked with them in an organizational setting,Service robotics,software engineer,Moderately relevant,Moderately relevant,Very relevant,Very relevant,Very relevant,,By both adapting BTs formalism and external modules,Mainly by adapting external modules/models,Mainly by adapting external modules/models,"Mainly by updating the BT, without changing the formalism",Mainly by adapting external modules/models,,Partially suitable,Partially suitable,Partially suitable,Completely suitable,Insufficient expertise,,Completely suitable,Partially suitable,Partially suitable,Completely suitable,Completely suitable,,Partially suitable,Partially suitable,Not suitable,Partially suitable,Partially suitable,,Partially suitable,Partially suitable,Completely suitable,Partially suitable,Completely suitable,,,
P45,"I have read the study information above., I understand that participation is voluntary., I understand that I may stop before submitting the questionnaire., I consent to participate in this study.",5,5,I have studied or researched Behavior Trees as a formalism for robotic behavior.,"Academia, Industry","Service robotics, Industrial automation",Post-Doc - Robotics Researcher,Extermely relevant,Extremely relevant,Extremly  relevant,Extremely relevant,Extremely relevant,,Mainly by adapting external modules/models,"Mainly by updating the BT, without changing the formalism","Mainly by updating the BT, without changing the formalism",Mainly by extending the BT formalism,Mainly by extending the BT formalism,"What do you mean by adapting external modules/models? One could tackle these adaptations in a way that both uses external modules but also keeps the BT formalism in the classical way. It often depends on the level of granularity of the BT. For instance I can have a very simple ""pick object"" BT action and then I do all the error checking in the function that is called in the robot API. Alternatively, I can address the error handling explicitly in the BT structure with more nodes. So the distinction between the options provided is blurred and multiple options might be used at the same time.",Partially suitable,Partially suitable,Partially suitable,Not suitable,Not suitable,Much might depend on how much information and flexibility is available to the BT generator engine. There might also be some subtrees that already handle adaptation needs that the generator might use by default.,Partially suitable,Not suitable,Not suitable,Completely suitable,Completely suitable,"It will depend on the actual needs of the adaptation. Again, sometimes it makes more sense to represent the adaptation explicitly in the BT but other times it might not make sense.",Partially suitable,Not suitable,Not suitable,Partially suitable,Partially suitable,Some of the adaptations might not be easily encoded in the simulation environment where the evolution takes place. Evolution in real world might not be feasible.,Completely suitable,Completely suitable,Completely suitable,Partially suitable,Partially suitable,"If the reality deviates too much from what encoded in the BT, refinement might not be enough and one might have to resort to one of the other enhancements as well.",,
P46,"I have read the study information above., I understand that participation is voluntary., I understand that I may stop before submitting the questionnaire., I consent to participate in this study.",5,5,I have used Behavior Trees to implement robotic behavior.,"Academia, Industry, Government or public-sector organization, Research Institute, Open-source or community project, Independent / personal projects","Service robotics, Space robotics, Industrial automation", robotics architect and researcher ,Very relevant,Moderately relevant,Slightly relevant,Slightly relevant,Moderately relevant,"My primary concern with the listed adaptation needs is methodological. Grouping distinct challenges (e.g., 'perception inaccuracy' and 'actuation unavailability') into a single rating scale forces an averaged response that obscures the nuance of actual robotic challenges. A noisy sensor requires fundamentally different handling than a broken actuator. Furthermore, regarding system-related needs like component failure or perception loss, standard Behavior Trees are inherently designed to manage these exact uncertainties. Through reactive execution and Fallback nodes, BTs natively accommodate runtime failures and environmental changes without requiring novel 'adaptation' overlays. Framing these as gaps in the architecture slightly misrepresents the inherent fault tolerance of standard BTs.","Mainly by updating the BT, without changing the formalism",Using classical BTs is enough,Using classical BTs is enough,"Mainly by updating the BT, without changing the formalism",Using classical BTs is enough,"The classical Behavior Tree formalism is already inherently equipped to handle execution-level uncertainties, failures, and dynamic environments through its reactive nature (e.g., utilizing Fallback and Sequence nodes). Modifying or extending the core BT formalism to handle 'adaptation' often bloats the architecture and sacrifices the modularity and mathematical predictability that makes BTs valuable.

When profound adaptation is required,such as an entirely new mission or dealing with severe knowledge drift,it should be handled by external components. For instance, a planner can generate an updated BT on the fly (updating the tree without changing the formalism), or the underlying perception modules/skills can be updated. The BT should remain the control-flow engine, while the adaptation of data, learning, and hardware interfacing remains modularly encapsulated in the leaves (Actions/Conditions) or external architectural layers",Partially suitable,Not suitable,Not suitable,Completely suitable,Partially suitable,"BT Generation is inherently a deliberative, high-level process (akin to task planning) that introduces computational overhead and latency. Therefore, it is Not suitable for addressing low-level, high-frequency adaptation needs like perception inaccuracy, sensor occlusion, or temporary actuation unavailability.

Attempting to generate a completely new tree from scratch just to handle a temporary noisy sensor or a localized hardware fault defeats the purpose of using a reactive architecture. The classical BT control flow (specifically Fallback nodes) is explicitly designed to handle these micro-level execution failures instantaneously. BT Generation should be reserved for macro-level changes, such as entirely new missions or goals, rather than replacing the built-in fault tolerance of standard BTs.",Not suitable,Not suitable,Not suitable,Not suitable,Not suitable,"I consider BT Extension to be not suitable for virtually all listed adaptation needs because modifying the core formalism fundamentally breaks the mathematical predictability, modularity, and formal verification capabilities that make classical Behavior Trees so valuable.

Many proposed 'extensions' (such as probabilistic control nodes or altering Sequence semantics) attempt to solve domain-specific perception or actuation uncertainties at the wrong architectural level. These challenges should be encapsulated within the leaf nodes (Actions and Conditions) or handled by external world models. The control flow architecture itself (Sequences, Fallbacks, Parallels) is already sufficiently expressive to handle dynamic environments and failures. Altering the core BT grammar to handle standard robotic adaptation needs creates unnecessary architectural bloat and dilutes the simplicity of the paradigm. That being said, some extensions may be acceptable if they are used strictly as syntactic sugar to simplify the design and readability of the BT, rather than to address fundamental adaptation needs.",Not suitable,Not suitable,Not suitable,Partially suitable,Partially suitable,"I rate BT Evolution as Not suitable for operational needs such as Knowledge, Perception, and System resources. While advanced evolutionary techniques use grammar-guided or domain-specific operators rather than purely random mutation, evolutionary search fundamentally relies on iterative fitness evaluation and trial-and-error. This is structurally incompatible with the immediate, deterministic fault tolerance required for real-time operational adaptation.

Patching a sudden knowledge gap, a sensor occlusion, or a hardware fault cannot wait for an iterative optimization loop—even a guided one. Those dynamics require the instantaneous, reactive execution of classical control nodes (such as Fallbacks). While BT Evolution is a valuable offline tool for discovering or optimizing complex behaviors in simulation prior to deployment, it is an architectural error to conflate an offline evolutionary search process with live, runtime adaptation.",Completely suitable,Partially suitable,Partially suitable,Not suitable,Completely suitable,"I rate BT Refinement as not suitable for Mission- and goal-related needs. By definition, refinement preserves the overarching intent of the existing tree. If a robot's core mission or goal fundamentally changes, the architecturally sound response is BT Generation (deliberative synthesis of a new plan via a task planner), rather than attempting to patch or heavily manipulate an obsolete tree structure.

Furthermore, I consider Refinement only Partially suitable for Perception- and actuation-related needs. While offline or gradual online refinement (such as tuning continuous parameters within leaf nodes or swapping a specific recovery subtree) is an excellent way to accommodate slow hardware degradation, it must not be conflated with real-time fault tolerance. Sudden sensor dropouts or actuator blocks require instantaneous, deterministic reactivity. That level of immediate fault handling is inherently provided by classical Fallback nodes within the PPA (Precondition-Postcondition-Action) framework, rather than by an external refinement process attempting to update the tree structure on the fly.","The questionnaire covers a broad spectrum, but it tends to blur the boundary between architectural semantics and execution-level state estimation. ","A primary concern in the current discourse on BT adaptation is the dangerous conflation of offline structural synthesis with online operational reactivity.

BTs shine as a control architecture precisely because of their modularity, lack of tangled state transitions, and deterministic execution flow. While tools like grammar-guided genetic programming or automated planning are powerful for offline structure generation and tuning, runtime adaptation must remain strictly within the domain of deterministic reactivity (e.g., fallback routing). Attempting to use evolutionary search, dynamic structural mutation, or open-ended learning to solve real-time operational faults (e.g., as sensor noise or knowledge drift) violates fundamental architectural layers. Real-time uncertainties belong in the state estimator or world model, not in a continuously mutating control tree."
